Metric,Value
accuracy,0.7272727272727273
precision,0.8421052631578947
recall,0.64
f1,0.7272727272727272
auc,0.8842105263157894
logloss,0.45519323859365335
