Metric,Value
accuracy,0.7045454545454546
precision,0.8333333333333334
recall,0.6
f1,0.6976744186046512
auc,0.8084210526315789
logloss,0.5459078684071877
