Metric,Value
accuracy,0.6818181818181818
precision,0.8666666666666667
recall,0.52
f1,0.65
auc,0.8200000000000001
logloss,0.5574936761875973
