Metric,Value
accuracy,0.7045454545454546
precision,0.875
recall,0.56
f1,0.6829268292682927
auc,0.8536842105263158
logloss,0.5392639510314515
